INSERT INTO MEMBER(M_NUMBER,M_ID,M_PW,M_BIRTH,M_NAME,M_PHONE,M_SITUATION,M_RATING)
    VALUES(1,'USER01','USER01',990701,'이상우',01012345678,'활성화',1);
    
INSERT INTO MEMBER(M_NUMBER,M_ID,M_PW,M_BIRTH,M_NAME,M_PHONE,M_SITUATION,M_RATING)
    VALUES(2,'USER02','USER02',981224,'강소임',01099999999,'활성화',2);
    
INSERT INTO MEMBER(M_NUMBER,M_ID,M_PW,M_BIRTH,M_NAME,M_PHONE,M_SITUATION,M_RATING)
    VALUES(3,'USER03','USER03',970626,'경민성',01055555555,'비활성화',2);
    
INSERT INTO MEMBER(M_NUMBER,M_ID,M_PW,M_BIRTH,M_NAME,M_PHONE,M_SITUATION,M_RATING)
    VALUES(4,'USER04','USER04',990204,'고민영',01033333333,'활성화',3);
    
INSERT INTO MEMBER(M_NUMBER,M_ID,M_PW,M_BIRTH,M_NAME,M_PHONE,M_SITUATION,M_RATING)
    VALUES(5,'USER05','USER05',991227,'이단비',01066666666,'비활성화',3);
    
SELECT * FROM MEMBER;

INSERT INTO CONSULTING(C_NUMBER,M_NUMBER,C_DONG,C_DETAIL,C_SITUATION)
    VALUES(2222,'2','장기동','다른 지역에 가맹점 문의','작성완료');
    
INSERT INTO CONSULTING(C_NUMBER,M_NUMBER,C_DONG,C_DETAIL,C_SITUATION)
    VALUES(3333,'3','감정동','폐업 문의','작성완료');
    
INSERT INTO CONSULTING(C_NUMBER,M_NUMBER,C_DONG,C_DETAIL,C_SITUATION)
    VALUES(4444,'4','구래동','구래동 지역에 창업 문의','대기중');
  
INSERT INTO CONSULTING(C_NUMBER,M_NUMBER,C_DONG,C_DETAIL,C_SITUATION)
    VALUES(5555,'5','북변동','창업 비용 문의','답변완료');  

SELECT * FROM CONSULTING;

INSERT INTO ANSWER(A_NUMBER,M_NUMBER,A_NUMBER1,A_DEPTH,A_CONTENT,A_DATE,C_NUMBER)
    VALUES(100,1,11,'0123','김포지역 내에서만 가능합니다.',SYSDATE,2222);
    
INSERT INTO ANSWER(A_NUMBER,M_NUMBER,A_NUMBER1,A_DEPTH,A_CONTENT,A_DATE,C_NUMBER)
    VALUES(200,1,11,'0123','싫어요',SYSDATE,3333);

INSERT INTO ANSWER(A_NUMBER,M_NUMBER,A_NUMBER1,A_DEPTH,A_CONTENT,A_DATE,C_NUMBER)
    VALUES(300,1,11,'0123','안녕하세요',SYSDATE,4444);

INSERT INTO ANSWER(A_NUMBER,M_NUMBER,A_NUMBER1,A_DEPTH,A_CONTENT,A_DATE,C_NUMBER)
    VALUES(400,1,11,'0123','1577-5476으로 전화주시면 상담 도와드리겠습니다',SYSDATE,5555);
    
INSERT INTO ANSWER(A_NUMBER,M_NUMBER,A_NUMBER1,A_DEPTH,A_CONTENT,A_DATE,C_NUMBER)
    VALUES(1000,3,2000,'0123','1577-5476으로 전화주시면 상담 도와드리겠습니다',SYSDATE,4444);    
-- 강소임 문의 내용 1가지 가져오기 
SELECT
       C.C_DETAIL
  FROM MEMBER M
  JOIN CONSULTING C ON (M.M_NUMBER = C.M_NUMBER)
  WHERE C_NUMBER =2222;

-- 관리자 문의 답변 내용 UPDATE하기
UPDATE
       ANSWER
   SET A_CONTENT = '안녕하세요 반갑습니다'
 WHERE A_NUMBER = 300;
       


-- 문의 내용 삭제하기
DELETE
  FROM ANSWER
 WHERE A_CONTENT = '싫어요';

-- 아이디가 USER03인 사람의 상태를 활성화로 바꾸고 
-- 문의내역과 달았던 답급을 조회하세요
UPDATE
       MEMBER
   SET M_SITUATION = '활성화'
 WHERE M_NAME = '경민성';
 
SELECT 